{
  "version": 1,
  "author": "Felicia Jose",
  "editor": "wokwi",
  "parts": [
    { "type": "wokwi-arduino-uno", "id": "uno", "top": 77.4, "left": 57, "attrs": {} },
    { "type": "wokwi-mpu6050", "id": "imu1", "top": 138.22, "left": -103.28, "attrs": {} },
    { "type": "wokwi-hc-sr04", "id": "ultrasonic1", "top": -94.5, "left": -23.3, "attrs": {} },
    { "type": "wokwi-hc-sr04", "id": "ultrasonic2", "top": -94.5, "left": 159.1, "attrs": {} },
    { "type": "chip-gps-module", "id": "chip1", "top": 49.02, "left": -110.4, "attrs": {} },
    {
      "type": "wokwi-buzzer",
      "id": "bz1",
      "top": -103.2,
      "left": -190.2,
      "attrs": { "volume": "0.1" }
    },
    { "type": "chip-speaker", "id": "chip2", "top": 106.62, "left": -273.6, "attrs": {} }
  ],
  "connections": [
    [
      "ultrasonic2:VCC",
      "uno:5V",
      "red",
      [ "v38.4", "h144", "v278.4", "h-172.8", "v0", "h0", "v0", "h0" ]
    ],
    [ "ultrasonic1:VCC", "uno:5V", "red", [ "v316.8", "h163.2" ] ],
    [ "chip1:VCC", "uno:5V", "red", [ "h-28.8", "v-38.4", "h163.2", "v278.4", "h182.4" ] ],
    [ "imu1:VCC", "uno:3.3V", "red", [ "v-38.4", "h38.48", "v182.4", "h192" ] ],
    [ "chip1:GND", "uno:GND.2", "black", [ "h-28.8", "v240", "h355.2" ] ],
    [ "imu1:GND", "uno:GND.2", "black", [ "v-57.6", "h38.48", "v240", "h220.8" ] ],
    [ "ultrasonic2:GND", "uno:GND.2", "black", [ "v28.8", "h152.4", "v326.4", "h-182.4" ] ],
    [
      "ultrasonic1:GND",
      "uno:GND.2",
      "black",
      [ "v67.2", "h277.2", "v220.8", "h-115.2", "v19.2" ]
    ],
    [ "ultrasonic1:TRIG", "uno:7", "yellow", [ "v57.6", "h191.6" ] ],
    [ "ultrasonic1:ECHO", "uno:6", "blue", [ "v48", "h191.2" ] ],
    [ "ultrasonic2:TRIG", "uno:9", "yellow", [ "v28.8", "h-48.4" ] ],
    [ "ultrasonic2:ECHO", "uno:8", "blue", [ "v86.4", "h-20" ] ],
    [ "chip1:RX", "uno:10", "orange", [ "v-48", "h193.81" ] ],
    [ "chip1:TX", "uno:11", "green", [ "h40.21", "v-28.8", "h153.6" ] ],
    [ "imu1:SCL", "uno:A5", "blue", [ "v-48", "h38.48", "v268.8", "h336", "v9.6" ] ],
    [ "imu1:SDA", "uno:A4", "orange", [ "v-67.2", "h76.88", "v316.8", "h288" ] ],
    [ "chip2:VCC", "uno:5V", "red", [ "h-76.8", "v345.6", "h576" ] ],
    [ "chip2:GND", "uno:GND.2", "black", [ "h-48", "v316.8", "h566.4" ] ],
    [
      "chip2:TX",
      "uno:0",
      "white",
      [ "h21.01", "v-57.6", "h-163.2", "v-211.2", "h796.8", "v192" ]
    ],
    [ "chip2:RX", "uno:1", "gold", [ "v364.8", "h606.61", "v-480", "h-144" ] ],
    [ "uno:0", "uno:1", "green", [ "v0", "h-5.3" ] ],
    [ "bz1:2", "uno:12", "red", [ "v9.6", "h105.2" ] ],
    [ "bz1:1", "uno:GND.1", "black", [ "v28.8", "h86.4" ] ]
  ],
  "dependencies": {}
}